<?xml version="1.0" encoding="UTF-8"?>
<metadata xml:lang="en"><Esri><CreaDate>20160506</CreaDate><CreaTime>01351900</CreaTime><ArcGISFormat>1.0</ArcGISFormat><SyncOnce>FALSE</SyncOnce><DataProperties><itemProps><itemName Sync="TRUE">NH36</itemName><imsContentType Sync="TRUE">002</imsContentType><itemSize Sync="TRUE">0.000</itemSize><itemLocation><linkage Sync="TRUE">file://\\UNC-RBC73294\E$\GRWD\globalRun\shapefiles\gapless\DEM\NH36.shp</linkage><protocol Sync="TRUE">Local Area Network</protocol></itemLocation></itemProps><coordRef><type Sync="TRUE">Geographic</type><geogcsn Sync="TRUE">GCS_WGS_1984</geogcsn><csUnits Sync="TRUE">Angular Unit: Degree (0.017453)</csUnits><peXml Sync="TRUE">&lt;GeographicCoordinateSystem xsi:type='typens:GeographicCoordinateSystem' xmlns:xsi='http://www.w3.org/2001/XMLSchema-instance' xmlns:xs='http://www.w3.org/2001/XMLSchema' xmlns:typens='http://www.esri.com/schemas/ArcGIS/10.3'&gt;&lt;WKT&gt;GEOGCS[&amp;quot;GCS_WGS_1984&amp;quot;,DATUM[&amp;quot;D_WGS_1984&amp;quot;,SPHEROID[&amp;quot;WGS_1984&amp;quot;,6378137.0,298.257223563]],PRIMEM[&amp;quot;Greenwich&amp;quot;,0.0],UNIT[&amp;quot;Degree&amp;quot;,0.0174532925199433],AUTHORITY[&amp;quot;EPSG&amp;quot;,4326]]&lt;/WKT&gt;&lt;XOrigin&gt;-400&lt;/XOrigin&gt;&lt;YOrigin&gt;-400&lt;/YOrigin&gt;&lt;XYScale&gt;11258999068426.238&lt;/XYScale&gt;&lt;ZOrigin&gt;-100000&lt;/ZOrigin&gt;&lt;ZScale&gt;10000&lt;/ZScale&gt;&lt;MOrigin&gt;-100000&lt;/MOrigin&gt;&lt;MScale&gt;10000&lt;/MScale&gt;&lt;XYTolerance&gt;8.983152841195215e-009&lt;/XYTolerance&gt;&lt;ZTolerance&gt;0.001&lt;/ZTolerance&gt;&lt;MTolerance&gt;0.001&lt;/MTolerance&gt;&lt;HighPrecision&gt;true&lt;/HighPrecision&gt;&lt;LeftLongitude&gt;-180&lt;/LeftLongitude&gt;&lt;WKID&gt;4326&lt;/WKID&gt;&lt;LatestWKID&gt;4326&lt;/LatestWKID&gt;&lt;/GeographicCoordinateSystem&gt;</peXml></coordRef><lineage><Process ToolSource="d:\program files\arcgis\desktop10.3\ArcToolbox\Toolboxes\Analysis Tools.tbx\Clip" Date="20160506" Time="013526">Clip E:/GRWD/globalRun/shapefiles/gapless/WGS84/NH36.shp E:/GRWD/global/shapefiles/IMWTilesPolygons/individualPolygons/NH36.shp E:\GRWD\globalRun\shapefiles\gapless\clpd\NH36.shp #</Process><Process ToolSource="d:\program files\arcgis\desktop10.3\ArcToolbox\Toolboxes\Analysis Tools.tbx\SpatialJoin" Date="20160511" Time="143133">SpatialJoin E:/GRWD/globalRun/shapefiles/gapless/clpd/NH36.shp E:/GRWD/globalRun/shapefiles/lakes/polygons/nh36.shp E:\GRWD\globalRun\shapefiles\gapless\LDM\nh36.shp JOIN_ONE_TO_ONE KEEP_ALL "easting "easting" true true false 12 Double 0 12 ,First,#,E:/GRWD/globalRun/shapefiles/gapless/clpd/NH36.shp,easting,-1,-1;northing "northing" true true false 12 Double 0 12 ,First,#,E:/GRWD/globalRun/shapefiles/gapless/clpd/NH36.shp,northing,-1,-1;width "width" true true false 7 Long 0 7 ,First,#,E:/GRWD/globalRun/shapefiles/gapless/clpd/NH36.shp,width,-1,-1;nchannels "nchannels" true true false 3 Short 0 3 ,First,#,E:/GRWD/globalRun/shapefiles/gapless/clpd/NH36.shp,nchannels,-1,-1;segmentID "segmentID" true true false 7 Long 0 7 ,First,#,E:/GRWD/globalRun/shapefiles/gapless/clpd/NH36.shp,segmentID,-1,-1;segmentInd "segmentInd" true true false 7 Long 0 7 ,First,#,E:/GRWD/globalRun/shapefiles/gapless/clpd/NH36.shp,segmentInd,-1,-1;ID "ID" true true false 10 Long 0 10 ,First,#,E:/GRWD/globalRun/shapefiles/lakes/polygons/nh36.shp,ID,-1,-1;GRIDCODE "GRIDCODE" true true false 10 Long 0 10 ,First,#,E:/GRWD/globalRun/shapefiles/lakes/polygons/nh36.shp,GRIDCODE,-1,-1" INTERSECT # #</Process><Process Name="Add Geometry Attributes" ToolSource="d:\program files\arcgis\desktop10.3\ArcToolbox\Toolboxes\Data Management Tools.tbx\AddGeometryAttributes" Date="20160512" Time="155707">AddGeometryAttributes E:\GRWD\globalRun\shapefiles\gapless\LDM\nh36.shp CENTROID # # GEOGCS['GCS_WGS_1984',DATUM['D_WGS_1984',SPHEROID['WGS_1984',6378137.0,298.257223563]],PRIMEM['Greenwich',0.0],UNIT['Degree',0.0174532925199433]]</Process><Process ToolSource="d:\program files\arcgis\desktop10.3\ArcToolbox\Toolboxes\Analysis Tools.tbx\SpatialJoin" Date="20160524" Time="163001">SpatialJoin E:/GRWD/globalRun/shapefiles/gapless/LDM/NH36.shp D:/GRWD/globalRun/extract2Pts/NH36.shp E:\GRWD\globalRun\shapefiles\gapless\DEM\NH36.shp JOIN_ONE_TO_ONE KEEP_ALL "utm_east "utm_east" true true false 9 Long 0 9 ,First,#,E:/GRWD/globalRun/shapefiles/gapless/LDM/NH36.shp,utm_east,-1,-1;utm_north "utm_north" true true false 10 Long 0 10 ,First,#,E:/GRWD/globalRun/shapefiles/gapless/LDM/NH36.shp,utm_north,-1,-1;width_m "width_m" true true false 8 Long 0 8 ,First,#,E:/GRWD/globalRun/shapefiles/gapless/LDM/NH36.shp,width_m,-1,-1;nchannels "nchannels" true true false 9 Long 0 9 ,First,#,E:/GRWD/globalRun/shapefiles/gapless/LDM/NH36.shp,nchannels,-1,-1;segmentID "segmentID" true true false 9 Long 0 9 ,First,#,E:/GRWD/globalRun/shapefiles/gapless/LDM/NH36.shp,segmentID,-1,-1;segmentInd "segmentInd" true true false 10 Long 0 10 ,First,#,E:/GRWD/globalRun/shapefiles/gapless/LDM/NH36.shp,segmentInd,-1,-1;lakeFlag "lakeFlag" true true false 19 Double 15 18 ,First,#,E:/GRWD/globalRun/shapefiles/gapless/LDM/NH36.shp,lakeFlag,-1,-1;lon "lon" true true false 19 Double 14 18 ,First,#,E:/GRWD/globalRun/shapefiles/gapless/LDM/NH36.shp,lon,-1,-1;lat "lat" true true false 19 Double 14 18 ,First,#,E:/GRWD/globalRun/shapefiles/gapless/LDM/NH36.shp,lat,-1,-1;utm_east_1 "utm_east_1" true true false 9 Long 0 9 ,First,#,D:/GRWD/globalRun/extract2Pts/NH36.shp,utm_east,-1,-1;utm_nort_1 "utm_nort_1" true true false 10 Long 0 10 ,First,#,D:/GRWD/globalRun/extract2Pts/NH36.shp,utm_north,-1,-1;width_m_1 "width_m_1" true true false 8 Long 0 8 ,First,#,D:/GRWD/globalRun/extract2Pts/NH36.shp,width_m,-1,-1;nchannel_1 "nchannel_1" true true false 9 Long 0 9 ,First,#,D:/GRWD/globalRun/extract2Pts/NH36.shp,nchannels,-1,-1;segmentI_1 "segmentI_1" true true false 9 Long 0 9 ,First,#,D:/GRWD/globalRun/extract2Pts/NH36.shp,segmentID,-1,-1;segmentI_2 "segmentI_2" true true false 10 Long 0 10 ,First,#,D:/GRWD/globalRun/extract2Pts/NH36.shp,segmentInd,-1,-1;lakeFlag_1 "lakeFlag_1" true true false 19 Double 15 18 ,First,#,D:/GRWD/globalRun/extract2Pts/NH36.shp,lakeFlag,-1,-1;lon_1 "lon_1" true true false 19 Double 14 18 ,First,#,D:/GRWD/globalRun/extract2Pts/NH36.shp,lon,-1,-1;lat_1 "lat_1" true true false 19 Double 14 18 ,First,#,D:/GRWD/globalRun/extract2Pts/NH36.shp,lat,-1,-1;ORIG_FID "ORIG_FID" true true false 10 Long 0 10 ,First,#,D:/GRWD/globalRun/extract2Pts/NH36.shp,ORIG_FID,-1,-1;RASTERVALU "RASTERVALU" true true false 10 Long 0 10 ,First,#,D:/GRWD/globalRun/extract2Pts/NH36.shp,RASTERVALU,-1,-1" INTERSECT # #</Process></lineage></DataProperties><SyncDate>20160524</SyncDate><SyncTime>16295100</SyncTime><ModDate>20160524</ModDate><ModTime>16295100</ModTime></Esri><dataIdInfo><envirDesc Sync="TRUE">Microsoft Windows 7 Version 6.1 (Build 7601) Service Pack 1; Esri ArcGIS 10.3.1.4959</envirDesc><dataLang><languageCode value="eng" Sync="TRUE"></languageCode><countryCode value="USA" Sync="TRUE"></countryCode></dataLang><idCitation><resTitle Sync="TRUE">NH36</resTitle><presForm><PresFormCd value="005" Sync="TRUE"></PresFormCd></presForm></idCitation><spatRpType><SpatRepTypCd value="001" Sync="TRUE"></SpatRepTypCd></spatRpType></dataIdInfo><mdLang><languageCode value="eng" Sync="TRUE"></languageCode><countryCode value="USA" Sync="TRUE"></countryCode></mdLang><mdChar><CharSetCd value="004" Sync="TRUE"></CharSetCd></mdChar><distInfo><distFormat><formatName Sync="TRUE">Shapefile</formatName></distFormat><distTranOps><transSize Sync="TRUE">0.000</transSize></distTranOps></distInfo><mdHrLv><ScopeCd value="005" Sync="TRUE"></ScopeCd></mdHrLv><mdHrLvName Sync="TRUE">dataset</mdHrLvName><refSysInfo><RefSystem><refSysID><identCode code="4326" Sync="TRUE"></identCode><idCodeSpace Sync="TRUE">EPSG</idCodeSpace><idVersion Sync="TRUE">8.6.2</idVersion></refSysID></RefSystem></refSysInfo><spatRepInfo><VectSpatRep><geometObjs Name="NH36"><geoObjTyp><GeoObjTypCd value="002" Sync="TRUE"></GeoObjTypCd></geoObjTyp><geoObjCnt Sync="TRUE">0</geoObjCnt></geometObjs><topLvl><TopoLevCd value="001" Sync="TRUE"></TopoLevCd></topLvl></VectSpatRep></spatRepInfo><spdoinfo><ptvctinf><esriterm Name="NH36"><efeatyp Sync="TRUE">Simple</efeatyp><efeageom code="3" Sync="TRUE"></efeageom><esritopo Sync="TRUE">FALSE</esritopo><efeacnt Sync="TRUE">0</efeacnt><spindex Sync="TRUE">FALSE</spindex><linrefer Sync="TRUE">FALSE</linrefer></esriterm></ptvctinf></spdoinfo><eainfo><detailed Name="NH36"><enttyp><enttypl Sync="TRUE">NH36</enttypl><enttypt Sync="TRUE">Feature Class</enttypt><enttypc Sync="TRUE">0</enttypc></enttyp><attr><attrlabl Sync="TRUE">FID</attrlabl><attalias Sync="TRUE">FID</attalias><attrtype Sync="TRUE">OID</attrtype><attwidth Sync="TRUE">4</attwidth><atprecis Sync="TRUE">0</atprecis><attscale Sync="TRUE">0</attscale><attrdef Sync="TRUE">Internal feature number.</attrdef><attrdefs Sync="TRUE">Esri</attrdefs><attrdomv><udom Sync="TRUE">Sequential unique whole numbers that are automatically generated.</udom></attrdomv></attr><attr><attrlabl Sync="TRUE">Shape</attrlabl><attalias Sync="TRUE">Shape</attalias><attrtype Sync="TRUE">Geometry</attrtype><attwidth Sync="TRUE">0</attwidth><atprecis Sync="TRUE">0</atprecis><attscale Sync="TRUE">0</attscale><attrdef Sync="TRUE">Feature geometry.</attrdef><attrdefs Sync="TRUE">Esri</attrdefs><attrdomv><udom Sync="TRUE">Coordinates defining the features.</udom></attrdomv></attr><attr><attrlabl Sync="TRUE">Join_Count</attrlabl><attalias Sync="TRUE">Join_Count</attalias><attrtype Sync="TRUE">Integer</attrtype><attwidth Sync="TRUE">10</attwidth><atprecis Sync="TRUE">10</atprecis><attscale Sync="TRUE">0</attscale></attr><attr><attrlabl Sync="TRUE">TARGET_FID</attrlabl><attalias Sync="TRUE">TARGET_FID</attalias><attrtype Sync="TRUE">Integer</attrtype><attwidth Sync="TRUE">10</attwidth><atprecis Sync="TRUE">10</atprecis><attscale Sync="TRUE">0</attscale></attr><attr><attrlabl Sync="TRUE">utm_east</attrlabl><attalias Sync="TRUE">utm_east</attalias><attrtype Sync="TRUE">Integer</attrtype><attwidth Sync="TRUE">9</attwidth><atprecis Sync="TRUE">9</atprecis><attscale Sync="TRUE">0</attscale></attr><attr><attrlabl Sync="TRUE">utm_north</attrlabl><attalias Sync="TRUE">utm_north</attalias><attrtype Sync="TRUE">Integer</attrtype><attwidth Sync="TRUE">10</attwidth><atprecis Sync="TRUE">10</atprecis><attscale Sync="TRUE">0</attscale></attr><attr><attrlabl Sync="TRUE">width_m</attrlabl><attalias Sync="TRUE">width_m</attalias><attrtype Sync="TRUE">Integer</attrtype><attwidth Sync="TRUE">8</attwidth><atprecis Sync="TRUE">8</atprecis><attscale Sync="TRUE">0</attscale></attr><attr><attrlabl Sync="TRUE">nchannels</attrlabl><attalias Sync="TRUE">nchannels</attalias><attrtype Sync="TRUE">Integer</attrtype><attwidth Sync="TRUE">9</attwidth><atprecis Sync="TRUE">9</atprecis><attscale Sync="TRUE">0</attscale></attr><attr><attrlabl Sync="TRUE">segmentID</attrlabl><attalias Sync="TRUE">segmentID</attalias><attrtype Sync="TRUE">Integer</attrtype><attwidth Sync="TRUE">9</attwidth><atprecis Sync="TRUE">9</atprecis><attscale Sync="TRUE">0</attscale></attr><attr><attrlabl Sync="TRUE">segmentInd</attrlabl><attalias Sync="TRUE">segmentInd</attalias><attrtype Sync="TRUE">Integer</attrtype><attwidth Sync="TRUE">10</attwidth><atprecis Sync="TRUE">10</atprecis><attscale Sync="TRUE">0</attscale></attr><attr><attrlabl Sync="TRUE">lakeFlag</attrlabl><attalias Sync="TRUE">lakeFlag</attalias><attrtype Sync="TRUE">Double</attrtype><attwidth Sync="TRUE">19</attwidth><atprecis Sync="TRUE">18</atprecis><attscale Sync="TRUE">15</attscale></attr><attr><attrlabl Sync="TRUE">lon</attrlabl><attalias Sync="TRUE">lon</attalias><attrtype Sync="TRUE">Double</attrtype><attwidth Sync="TRUE">19</attwidth><atprecis Sync="TRUE">18</atprecis><attscale Sync="TRUE">14</attscale></attr><attr><attrlabl Sync="TRUE">lat</attrlabl><attalias Sync="TRUE">lat</attalias><attrtype Sync="TRUE">Double</attrtype><attwidth Sync="TRUE">19</attwidth><atprecis Sync="TRUE">18</atprecis><attscale Sync="TRUE">14</attscale></attr><attr><attrlabl Sync="TRUE">utm_east_1</attrlabl><attalias Sync="TRUE">utm_east_1</attalias><attrtype Sync="TRUE">Integer</attrtype><attwidth Sync="TRUE">9</attwidth><atprecis Sync="TRUE">9</atprecis><attscale Sync="TRUE">0</attscale></attr><attr><attrlabl Sync="TRUE">utm_nort_1</attrlabl><attalias Sync="TRUE">utm_nort_1</attalias><attrtype Sync="TRUE">Integer</attrtype><attwidth Sync="TRUE">10</attwidth><atprecis Sync="TRUE">10</atprecis><attscale Sync="TRUE">0</attscale></attr><attr><attrlabl Sync="TRUE">width_m_1</attrlabl><attalias Sync="TRUE">width_m_1</attalias><attrtype Sync="TRUE">Integer</attrtype><attwidth Sync="TRUE">8</attwidth><atprecis Sync="TRUE">8</atprecis><attscale Sync="TRUE">0</attscale></attr><attr><attrlabl Sync="TRUE">nchannel_1</attrlabl><attalias Sync="TRUE">nchannel_1</attalias><attrtype Sync="TRUE">Integer</attrtype><attwidth Sync="TRUE">9</attwidth><atprecis Sync="TRUE">9</atprecis><attscale Sync="TRUE">0</attscale></attr><attr><attrlabl Sync="TRUE">segmentI_1</attrlabl><attalias Sync="TRUE">segmentI_1</attalias><attrtype Sync="TRUE">Integer</attrtype><attwidth Sync="TRUE">9</attwidth><atprecis Sync="TRUE">9</atprecis><attscale Sync="TRUE">0</attscale></attr><attr><attrlabl Sync="TRUE">segmentI_2</attrlabl><attalias Sync="TRUE">segmentI_2</attalias><attrtype Sync="TRUE">Integer</attrtype><attwidth Sync="TRUE">10</attwidth><atprecis Sync="TRUE">10</atprecis><attscale Sync="TRUE">0</attscale></attr><attr><attrlabl Sync="TRUE">lakeFlag_1</attrlabl><attalias Sync="TRUE">lakeFlag_1</attalias><attrtype Sync="TRUE">Double</attrtype><attwidth Sync="TRUE">19</attwidth><atprecis Sync="TRUE">18</atprecis><attscale Sync="TRUE">15</attscale></attr><attr><attrlabl Sync="TRUE">lon_1</attrlabl><attalias Sync="TRUE">lon_1</attalias><attrtype Sync="TRUE">Double</attrtype><attwidth Sync="TRUE">19</attwidth><atprecis Sync="TRUE">18</atprecis><attscale Sync="TRUE">14</attscale></attr><attr><attrlabl Sync="TRUE">lat_1</attrlabl><attalias Sync="TRUE">lat_1</attalias><attrtype Sync="TRUE">Double</attrtype><attwidth Sync="TRUE">19</attwidth><atprecis Sync="TRUE">18</atprecis><attscale Sync="TRUE">14</attscale></attr><attr><attrlabl Sync="TRUE">ORIG_FID</attrlabl><attalias Sync="TRUE">ORIG_FID</attalias><attrtype Sync="TRUE">Integer</attrtype><attwidth Sync="TRUE">10</attwidth><atprecis Sync="TRUE">10</atprecis><attscale Sync="TRUE">0</attscale></attr><attr><attrlabl Sync="TRUE">RASTERVALU</attrlabl><attalias Sync="TRUE">RASTERVALU</attalias><attrtype Sync="TRUE">Integer</attrtype><attwidth Sync="TRUE">10</attwidth><atprecis Sync="TRUE">10</atprecis><attscale Sync="TRUE">0</attscale></attr></detailed></eainfo><mdDateSt Sync="TRUE">20160524</mdDateSt></metadata>
